bids_name	cjv	cnr	efc	fber	fwhm_avg	fwhm_x	fwhm_y	fwhm_z	icvs_csf	icvs_gm	icvs_wm	inu_med	inu_range	qi_1	qi_2	rpve_csf	rpve_gm	rpve_wm	size_x	size_y	size_z	snr_csf	snr_gm	snr_total	snr_wm	snrd_csf	snrd_gm	snrd_total	snrd_wm	spacing_x	spacing_y	spacing_z	summary_bg_k	summary_bg_mad	summary_bg_mean	summary_bg_median	summary_bg_n	summary_bg_p05	summary_bg_p95	summary_bg_stdv	summary_csf_k	summary_csf_mad	summary_csf_mean	summary_csf_median	summary_csf_n	summary_csf_p05	summary_csf_p95	summary_csf_stdv	summary_gm_k	summary_gm_mad	summary_gm_mean	summary_gm_median	summary_gm_n	summary_gm_p05	summary_gm_p95	summary_gm_stdv	summary_wm_k	summary_wm_mad	summary_wm_mean	summary_wm_median	summary_wm_n	summary_wm_p05	summary_wm_p95	summary_wm_stdv	tpm_overlap_csf	tpm_overlap_gm	tpm_overlap_wm	wm2max
sub-NDARINVAG388HJL_run-01_T1w	0.550676893939394	1.6888518393138519	0.5897	-1.0	4.167573507771741	4.076566504678468	4.602323630925838	3.823830387710916	0.2763158048993909	0.3771311211727284	0.34655307392788065	0.45182812213897705	0.22394618391990662	0.0	0.00038449753472322737	6.054717824118142	5.961138769803861	6.0630849743736785	144	192	192	2.1611065573362978	5.370118898249688	6.210140457895357	11.099195918100087	49.13068086288307	84.67460553652438	83.50193907971483	116.70053083973706	1.2000000476837158	1.1979166269302368	1.1979166269302368	8838.6781	0.0	1.9312	0.0	1718457.0	0.0	10.0	5.4005	-0.7773	143.0163	420.4195	405.0	237907.63180454733	135.0	729.0	187.4036	-0.612	83.0582	701.5032	698.0	324709.5183377814	486.0	950.0	129.9783	-0.5388	62.3205	937.4795	962.0	298381.85022672964	760.0	1040.0	86.6728	0.20993878765949106	0.5465130578391003	0.5552177573797707	0.8323417508423494
sub-NDARINVAG900RVD_run-01_T1w	0.6316453488372092	1.513851211620075	0.5693	12250.6456	4.421172261180927	4.4315164905740225	4.788179637090919	4.043820655877839	0.27407169883787863	0.3760622090952793	0.349866092066842	0.5653160810470581	0.26696524620056145	0.0	0.00041806758173197227	5.5516204037917385	5.435426935848121	5.531908729060837	144	192	192	2.077069606207159	5.077602455925771	5.498955969414262	9.342195846109858	21.75391751135966	39.61502873121286	38.58458000699056	54.38479377839915	1.2000000476837158	1.1979166269302368	1.1979166269302368	2521.5446	0.0	4.8071	0.0	1786078.0	0.0	16.0	11.444	-0.9204	147.9157	399.1276	380.0	257220.9487372583	135.0	712.0	182.9497	-0.3884	87.8749	695.2923	692.0	352940.7765116828	472.0	952.0	136.2846	0.0316	75.0896	920.0831	950.0	328355.27533130464	723.0	1044.0	101.689	0.2049662297838984	0.5605280934103124	0.5645122032162561	0.5981870144791356
sub-NDARINVAL101MH2_run-01_T1w	0.5990314516129032	1.5503583080601566	0.5516	26601.8629	4.060059452831049	4.003908174232317	4.4026352764758325	3.773634907784998	0.26968947562082635	0.37193907130869547	0.35837145307047813	0.426647424697876	0.1728424578905105	0.0	9.194235952647909e-05	6.295732367829965	6.194602367505067	6.290811681572633	144	192	192	2.0935175227646097	5.165983286654346	6.491251172523175	12.214252708150573	64.92943779030774	116.84044193844854	112.98915531930747	157.19758622916615	1.2000000476837158	1.1979166269302368	1.1979166269302368	561.1577	0.0	2.2061	0.0	1804983.0	0.0	10.0	4.0259	-0.9563	155.2222	410.8997	399.0	223724.41061742872	128.0	732.0	190.5879	-0.7102	89.6404	720.4658	718.0	308546.8920230485	490.0	977.0	138.9859	-0.4468	58.9194	946.6779	966.0	297291.6979268016	787.0	1045.0	79.0878	0.22968108287099812	0.5481846857632906	0.559065302866231	0.7347734424066232
sub-NDARINVAZ218MB7_run-01_T1w	0.5440370242214533	1.6794045148347314	0.5983	-1.0	4.247713432935307	4.084799837684638	4.743435287780605	3.914905173340679	0.27550443160712373	0.3768914218222972	0.34760414657057903	0.4926950931549072	0.23750343918800354	0.0	0.0005892772817732546	4.628744876028052	4.531569898783494	4.637781754445427	144	192	192	2.002960922268408	4.694113960687804	5.667819407191041	10.306383338616909	45.61782312204352	83.92191916745506	83.0955093282876	119.74678569536422	1.2000000476837158	1.1979166269302368	1.1979166269302368	516.7767	0.0	2.2454	0.0	1599491.0	0.0	11.0	5.285	-0.9802	150.8325	391.1902	368.0	308434.37448990013	137.0	702.0	183.7277	-0.6325	91.7465	681.1104	677.0	421939.7461676385	443.0	958.0	144.223	-0.5428	65.4802	935.8088	966.0	389151.8800339322	744.0	1043.0	93.7282	0.22114400343094529	0.546348159592372	0.5540045750550466	0.8107738087299073
sub-NDARINVBH217XFZ_run-01_T1w	0.7089008658008659	1.3929302673924318	0.6254	16558.7614	4.300947712802753	4.170866500931322	4.777068680200616	3.954907957276318	0.2697446779327559	0.3749697138355825	0.3552856082316617	0.6248089075088501	0.3650952756404876	0.0	0.0008620094370507114	5.472465605746588	5.3485813303669225	5.451516222650114	144	192	192	2.3228359196750192	5.319871456469907	5.562683466843836	9.045343024386582	15.53949954712196	25.590106652778406	25.09561183823196	34.15722931479552	1.2000000476837158	1.1979166269302368	1.1979166269302368	1922.8462	0.0	4.0149	0.0	1588669.0	0.0	16.0	17.6648	-0.8309	133.9362	427.5904	419.0	256289.54372990527	153.0	725.0	180.3826	-0.7397	85.031	692.8317	690.0	356265.84964694415	482.0	929.0	129.7022	-0.4317	78.7251	899.6275	921.0	337563.60690902534	710.0	1038.0	101.8202	0.22749408765330925	0.5607115259172937	0.5723740589087614	0.5908566901974179
sub-NDARINVBY805EE5_run-01_T1w	0.5812516728624535	1.6230684392448134	0.6181	26812.0975	4.172367298424567	4.149674835106737	4.537753194001345	3.829673866165621	0.2693091691957936	0.3775536090127934	0.35313722179141305	0.5031824111938477	0.2255955934524536	0.0	0.001448307939465258	5.228708906242165	5.136486528785923	5.249062659639465	144	192	192	2.3180399891035353	5.115729352104574	6.239036431354909	11.283339952856617	6.931600243669644	11.245673122596905	11.256444840147287	15.592061154175306	1.2000000476837158	1.1979166269302368	1.1979166269302368	353.5636	0.0	4.9297	0.0	1660618.0	0.0	12.0	40.5467	-0.9226	140.7997	439.0639	429.0	267181.89621979045	164.0	740.0	185.0698	-0.7217	92.7544	700.228	696.0	374571.31326755846	481.0	956.0	136.0508	-0.2199	63.6023	944.0262	965.0	350347.79107510665	774.0	1052.0	85.5242	0.23260020940252585	0.5520652056931385	0.5567402318293457	0.7336095000533437
sub-NDARINVBZ622PEX_run-01_T1w	0.5387289655172414	1.888680334414893	0.5368	17449.892	4.318105669676743	4.179791500576675	4.770039810402242	4.00448569805131	0.276421094248966	0.3800214836261967	0.34355742212483736	0.45557522773742676	0.16962766647338867	0.0	0.0005948190270739424	6.3627862754959805	6.286127861417397	6.382469775842868	144	192	192	1.823512551487795	5.266394080219078	6.260441184914125	11.691416923035503	52.26200109277674	97.36482395366627	96.17162758168506	138.8880576986122	1.2000000476837158	1.1979166269302368	1.1979166269302368	6.5015	0.0	3.2178	0.0	1857298.0	0.0	12.0	4.5755	-1.0557	157.1687	375.6325	365.0	226930.9381950401	70.0	707.0	200.1627	-0.7609	94.7801	683.6576	680.0	311982.81754825404	473.0	923.0	129.1204	-0.5418	61.4513	947.2994	970.0	282047.2451224674	778.0	1047.0	82.9667	0.20729431269204585	0.553940430468101	0.5577900715512927	0.7510979672793704
sub-NDARINVCA042YER_run-01_T1w	0.654389387755102	1.4434188293581214	0.5895	17565.1929	3.8122404913140193	3.6724165207379453	4.226446053240106	3.537858899964006	0.2706135558608723	0.3705035548691783	0.3588828892699494	0.4950551986694336	0.1879543602466583	0.0	0.0004319735796611497	6.2694047654213865	6.158942719603478	6.264541590041593	144	192	192	2.2282143405912294	4.886493827643743	6.083425143648314	11.135567262709971	41.04665390333444	70.96201183288326	69.10679583725233	95.31172177553931	1.2000000476837158	1.1979166269302368	1.1979166269302368	6.8234	0.0	4.2966	0.0	1761501.0	0.0	18.0	6.5918	-0.7151	141.4449	423.8584	413.0	225040.33890070714	138.0	736.0	185.3498	-0.6959	92.3113	713.0797	714.0	308108.162898325	468.0	977.0	146.1168	-0.5909	68.0141	938.3744	959.0	298444.4987245807	769.0	1048.0	86.1203	0.2235518440875741	0.5418119127773809	0.5531884437536979	0.6754100524137019
sub-NDARINVCM621YRY_run-01_T1w	0.555254255319149	1.7367021055293062	0.5704	-1.0	4.446075703915505	4.337083160993132	4.81373233359071	4.187411617162675	0.27380289922537226	0.37580427862433113	0.3503928221502965	0.4866526424884796	0.2003099858760834	0.0	0.0007869640191519809	6.167696630390893	6.079691601949904	6.173163349926609	144	192	192	1.8474788749850397	4.91939498490009	6.169237301227	11.74083804379587	31.55841634483617	62.30066674971969	60.577649765375185	87.87386620156968	1.2000000476837158	1.1979166269302368	1.1979166269302368	2721.3414	0.0	2.4143	0.0	1790870.0	0.0	10.0	7.2243	-0.9983	152.4753	371.5747	348.0	231938.16237156518	104.0	698.0	188.3644	-0.7229	95.4708	691.7889	687.0	318343.4289486952	461.0	956.0	139.6511	-0.4854	61.1109	946.0405	969.0	296817.4095586622	779.0	1045.0	82.5323	0.21309309322005798	0.5563482805172343	0.5631727001327889	0.7319103315636352
sub-NDARINVCW125BLA_run-01_T1w	0.5788011904761905	1.708335557097907	0.5566	-1.0	4.198501007498484	4.030633173170361	4.722073200115476	3.842796649209616	0.2702912157142952	0.38059788502137176	0.3491108992643331	0.5267555117607117	0.24860333800315854	0.0	0.0003937882838122564	5.789069503839283	5.695080685292056	5.796183622122285	144	192	192	2.2524590904792596	6.019571488361449	6.318917451283471	10.684721775009704	64.53065638718412	100.87386419726121	100.77847520038438	136.93090501670778	1.2000000476837158	1.1979166269302368	1.1979166269302368	6.1688	0.0	2.4913	0.0	1837443.0	0.0	12.0	4.5787	-0.4049	140.4446	453.8394	451.0	242965.3145165291	138.0	767.0	200.2252	-0.6919	81.9032	710.9172	705.0	342120.2002224473	525.0	934.0	117.1178	-0.174	63.9547	933.3156	957.0	313816.4857365023	755.0	1045.0	89.567	0.22239070101158429	0.5579223722102111	0.5575434778215882	0.6333689312408293
sub-NDARINVCW577CWF_run-01_T1w	0.6774289062500001	1.4054818180590865	0.6155	-1.0	4.53340891318544	4.3928998254418445	5.036969906213177	4.170357007901299	0.27649870918069525	0.37086290709336683	0.3526383837259379	0.5713170170783997	0.2957278713583946	0.0	0.001119245175302644	5.4470542163301365	5.315524242459141	5.389814475482902	144	192	192	1.8551960287780724	4.682362419986567	5.087670920924272	8.725454314008179	8.890915322707905	20.11532669356838	18.894425807615136	27.677035406569125	1.2000000476837158	1.1979166269302368	1.1979166269302368	1168.187	0.0	3.5227	0.0	1639031.0	0.0	12.0	22.1795	-1.0193	148.7151	329.7413	301.0	265677.10287705157	118.0	635.0	162.2467	-0.5244	90.0543	686.1876	681.0	356348.07487197506	448.0	959.0	145.4392	-0.7147	83.3675	905.7311	937.0	338836.8228884823	700.0	1037.0	107.3868	0.1912560822656477	0.553131905181033	0.5676827690107985	0.6566105123488659
sub-NDARINVCX643TCM_run-01_T1w	0.5773527777777777	1.6898735552647586	0.6072	11929.0604	4.177459352263399	3.9290915105385973	4.71674728689533	3.886539259356267	0.27242805247581403	0.3763162081599811	0.35125573936420473	0.44148436188697815	0.18844366669654838	0.0	0.0002905549666089497	5.634224373685979	5.544440529692939	5.64094459233609	144	192	192	2.06213674917028	5.608323063246745	6.709101947065185	12.456846028778529	67.17429260905186	116.13182790039474	113.47521745822887	157.11953186523996	1.2000000476837158	1.1979166269302368	1.1979166269302368	20.2582	0.0	2.98	0.0	1657113.0	0.0	11.0	4.0279	-0.8418	154.4978	423.1419	413.0	251938.4664713433	108.0	747.0	200.2773	-0.7361	87.1895	719.2081	714.0	348013.09017379367	513.0	961.0	127.3106	-0.4267	58.3034	948.0965	966.0	324837.4442735926	791.0	1046.0	77.5476	0.2145544264441271	0.5472933519018329	0.5561488196100981	0.761502021289456
sub-NDARINVDC524THW_run-01_T1w	0.5616131868131868	1.7611163268730239	0.5554	-1.0	4.13001403863442	4.047449839168793	4.477448496348788	3.8651437803856816	0.27622143076458244	0.3792757826492051	0.3445027865862124	0.4940324127674103	0.19975985586643225	0.0	0.000944799087471109	6.298751446423711	6.213779139984475	6.319422168180653	144	192	192	2.1679550343466394	5.426383254634564	6.189293728909466	10.973542897747196	27.28182375883643	45.979854188673116	45.80241143251808	64.14555635004469	1.2000000476837158	1.1979166269302368	1.1979166269302368	373.032	0.0	3.157	0.0	1811056.0	0.0	13.0	9.8456	-0.811	138.4836	417.062	410.0	228639.25102229684	122.0	727.0	189.1179	-0.6981	87.9326	690.8173	691.0	313941.35725014406	478.0	923.0	127.3406	-0.603	65.3878	939.5558	964.0	285158.39224400034	762.0	1046.0	87.8475	0.2180708971859867	0.5620085049010136	0.5738943432968439	0.7168776449595969
sub-NDARINVDD155BRR_run-01_T1w	0.551805223880597	1.839126226498911	0.5364	25426.9601	4.197469097053729	4.121074836243199	4.676711111654235	3.794621343263753	0.27099683805869784	0.381488542961268	0.3475146189800342	0.46685977280139923	0.18020454943180086	0.0	0.00043187633035012164	5.704363553104741	5.629522418815979	5.726810881674203	144	192	192	1.8580213241071155	5.674904560632603	6.8006327353358955	12.868972321267966	49.56360985535125	85.55478865006843	84.38335858828752	118.03167725944286	1.2000000476837158	1.1979166269302368	1.1979166269302368	4.7742	0.0	3.5944	0.0	1821987.0	0.0	15.0	5.4062	1.1527	161.3483	413.1395	409.0	247457.5109922433	72.0	762.0	220.1262	-0.3016	91.405	710.1418	706.0	348351.68553813663	509.0	944.0	124.4072	0.6107	56.4788	955.9683	974.0	317328.8045065328	804.0	1050.0	75.6858	0.21888284494996024	0.5572217503930744	0.5565255783126725	0.7322745012853247
sub-NDARINVDK220VPQ_run-01_T1w	0.6988463414634146	1.1559912395251348	0.6323	9155.3543	3.9523202518674356	3.777233183239572	4.3726164928713755	3.707111079491361	0.2625946522406712	0.3642211335810344	0.37318421417829434	0.5091280937194824	0.17666033506393425	0.0	0.0005932317121444149	5.161725711812626	5.017790503361498	5.127299564176762	144	192	192	2.019572898311711	3.8314351364586887	5.0338368283280435	9.25050245021373	32.52262177256171	62.74744961554026	59.919395548360974	84.48811525698096	1.2000000476837158	1.1979166269302368	1.1979166269302368	2250.3403	7.413	5.7499	5.0	1585572.0	0.0	20.0	16.3096	-0.8356	153.5221	394.7387	368.0	264014.50170233584	146.0	717.0	182.2164	0.3923	87.9319	703.6961	710.0	366190.47749580676	362.0	1009.0	185.3089	-0.7167	83.9843	928.4163	956.0	375202.0214758975	732.0	1060.0	103.3456	0.2282954704342177	0.5450817161833343	0.5452081064324886	0.5392165156357808
sub-NDARINVDM785DVB_run-01_T1w	0.5409702205882353	1.8075396806373882	0.5554	17537.3265	4.450116465368894	4.417966491112451	4.85123076961719	4.081152135377043	0.26987848604730114	0.382868440558961	0.3472530733937378	0.5057596564292908	0.24069346785545348	0.0	0.0005703033771315971	6.387757118145498	6.2968059855068805	6.387355442562395	144	192	192	1.870513804158731	5.8534077797962425	5.9721807959525925	10.192620803902804	28.813118666313592	51.7429303798197	50.938375582854576	72.25907770243042	1.2000000476837158	1.1979166269302368	1.1979166269302368	2964.0369	0.0	3.0011	0.0	1794373.0	0.0	11.0	8.6857	-0.9547	159.555	396.4059	382.0	220772.7462591239	84.0	725.0	204.2215	-0.5966	80.4675	692.0273	686.0	313203.6136564627	504.0	914.0	117.1965	-0.626	66.6764	929.1205	958.0	284068.64060523827	736.0	1039.0	93.9894	0.20616284821239994	0.5597692222565938	0.5622497999230295	0.7499450204075409
sub-NDARINVDT499KZL_run-01_T1w	0.6611326848249027	1.3445645514020064	0.6274	10782.9586	3.897233070368209	3.815416515055636	4.263034576192925	3.613248119856067	0.2810821032202806	0.3618667387191764	0.3570511580605429	0.5529356598854065	0.2322402700781821	0.0	0.0006968262567994157	6.1826178387787225	6.071708446224139	6.171786584607565	144	192	192	2.075537007882971	4.192237666590656	5.661059579980073	10.715404065466592	11.609287913560937	23.384898003533927	22.30934792940268	31.933857871113183	1.2000000476837158	1.1979166269302368	1.1979166269302368	1326.5057	0.0	5.6288	0.0	1706193.0	0.0	23.0	19.6948	-0.723	137.8478	371.5886	349.0	237345.72796698913	130.0	682.0	168.1489	0.1029	95.5406	694.689	703.0	305560.27418449393	395.0	984.0	167.6906	-0.6337	74.3705	938.9699	960.0	301493.99787621043	766.0	1055.0	89.5905	0.20412214677813395	0.5341185514528012	0.5663703423175964	0.5660708994952647
sub-NDARINVDV232BEQ_run-01_T1w	0.6084551440329218	1.7428278648003734	0.5706	-1.0	4.2515238497300984	4.0350331729955204	4.6716439810513695	4.047894395143405	0.26810160924817783	0.37575400036025436	0.35614439039156787	0.48782266676425934	0.20963174551725383	0.0	0.00035056734874757615	6.170824891026831	6.097043054580464	6.202236531087714	144	192	192	2.4340601619878046	5.927001197183945	7.679227242366424	14.676620367927525	58.171670119736305	91.53853717975822	90.6151773365878	122.13532471026888	1.2000000476837158	1.1979166269302368	1.1979166269302368	6.3349	0.0	3.0569	0.0	1762037.0	0.0	13.0	5.2031	-0.7545	136.2134	467.0497	462.0	226404.30229756795	175.0	775.0	189.8059	-0.8455	92.3678	729.5716	727.0	317313.7323779853	530.0	951.0	122.6588	-0.2775	55.4868	960.2858	970.0	300753.96581881435	834.0	1053.0	66.0914	0.23355033670699854	0.550675879405587	0.5662495951622698	0.6217815561483702
sub-NDARINVED812LMR_run-01_T1w	0.649723346303502	1.420144225268905	0.6113	-1.0	4.145674176853086	3.9473165098144016	4.611748326890641	3.8779576938542144	0.2759096970553942	0.37144970509655	0.35264059784805574	0.5768411159515381	0.27039669752120976	0.0	0.0005652028351409552	6.044123062814453	5.918615512350952	6.010915622869272	144	192	192	1.9505055015753257	4.657500323418533	5.231514241525814	9.086536899583585	44.71527264193378	88.27742937046526	84.73266563667299	121.20529489761992	1.2000000476837158	1.1979166269302368	1.1979166269302368	7.8828	0.0	3.3204	0.0	1575625.0	0.0	14.0	5.1133	-0.906	149.6313	369.9795	349.0	238448.0580855202	110.0	686.0	178.9276	-0.5792	88.3756	692.2026	689.0	321016.1215860749	447.0	966.0	147.9332	-0.6578	78.6033	916.483	946.0	304760.8208641677	714.0	1046.0	104.1099	0.2029825004547125	0.5489873841225772	0.5577309473155834	0.6014295686082959
sub-NDARINVEJ537VGZ_run-01_T1w	0.5284329931972789	1.8229121845887644	0.5588	14008.2189	4.226633756431489	4.063241505207956	4.747275287907983	3.869384476178525	0.28033684620156407	0.3777711393908751	0.34189201440756073	0.5198050737380981	0.2314899384975434	0.0	0.0005475132260960528	6.520332268676	6.438838445636014	6.539914822017685	144	192	192	1.8499334193248809	4.953152618543402	6.05708389474065	11.368165646353667	40.707678189173954	75.71180806063398	75.00352428261722	108.59108659804372	1.2000000476837158	1.1979166269302368	1.1979166269302368	849.5844	0.0	3.0811	0.0	1690228.0	0.0	12.0	5.8581	-0.9696	154.845	377.9577	364.0	224514.2112869285	77.0	704.0	196.7634	-0.6608	93.9383	682.1261	677.0	302546.7060663303	458.0	942.0	136.6804	-0.4043	61.421	946.9037	971.0	273812.0835704273	772.0	1049.0	85.4138	0.19846637891870414	0.5525587935146454	0.5486695646021635	0.6902081422038242
sub-NDARINVEK685MY0_run-01_T1w	0.613780078125	1.6550950015499377	0.5525	18671.6634	3.8325843789045746	3.7536081841783453	4.242515618990546	3.5016293335448334	0.2661877258281748	0.382970848710116	0.3508414254617093	0.5102161467075348	0.21023457497358322	0.0	0.0002638863448016597	6.717866974304295	6.614943988206915	6.720090788145037	144	192	192	2.363448585425832	6.01303742513322	5.896397911116022	9.312707722789014	74.5973530834341	115.03175906892382	115.63689983877468	157.28158736396614	1.2000000476837158	1.1979166269302368	1.1979166269302368	6.1726	0.0	2.387	0.0	1803359.0	0.0	11.0	3.9696	-0.6726	128.0077	453.2748	452.0	206665.48849663476	143.0	753.0	191.2455	-0.706	80.653	699.4153	697.0	297334.73728888814	510.0	909.0	115.9146	-0.6972	76.4747	923.7553	953.0	272389.7743681212	725.0	1050.0	102.3331	0.23966399871706076	0.5673547887903535	0.5740339979328554	0.7286210160470696
sub-NDARINVEP476HJ3_run-01_T1w	0.5684332061068702	1.6137066389594157	0.6026	25942.7941	4.133436903143038	4.061408171947472	4.544489889876984	3.7944126476046574	0.2695334306303414	0.3746390759240411	0.35582749344561737	0.41597336530685425	0.17746348381042482	0.0	0.0005890272521814963	5.091893728901692	4.999493927130516	5.110208327792436	144	192	192	2.210232422646364	4.963279877165762	6.600055992254326	12.626655676950852	43.709881687499994	72.5768293125	71.8943955625	99.39647568749999	1.2000000476837158	1.1979166269302368	1.1979166269302368	3377.8313	0.0	2.5122	0.0	1619220.0	0.0	11.0	6.4	-0.8211	145.0588	438.9423	427.0	274490.95918155694	150.0	753.0	193.192	-0.6369	92.2714	712.989	709.0	381529.8126721726	477.0	978.0	142.8489	-0.3742	56.6581	951.9857	971.0	362372.2287459424	795.0	1047.0	76.9007	0.21808142004054473	0.5405764079935937	0.5342738511069911	0.7964681402368393
sub-NDARINVFE128JJV_run-01_T1w	0.5167595667870036	2.0244716820916837	0.5452	19438.7944	4.17107615382723	4.05029391988575	4.54143458542781	3.921499956168132	0.2718578190480725	0.3828862221391306	0.34525595881279697	0.42824244499206543	0.15785441994667043	0.0	0.0005627524883766539	6.156254168538311	6.09690413979671	6.199320616417083	144	192	192	2.0551376289903085	5.90913153771712	7.477384483820519	14.467884284754128	51.09267261739757	84.99302411709263	84.87195143316515	118.53015756500525	1.1999993324279785	1.1979166269302368	1.1979166269302368	7.8702	0.0	3.5189	0.0	1839526.0	0.0	15.0	5.4111	-0.6797	151.9031	427.7414	422.0	230235.02787988295	102.0	754.0	205.3386	-0.7644	91.0314	705.4871	702.0	324264.4274043764	513.0	922.0	118.799	-0.2926	52.111	964.8143	979.0	292395.54551456124	828.0	1051.0	67.667	0.2198983775092189	0.5385884485639758	0.5473541243192633	0.7539459314987337
sub-NDARINVFW143KVU_run-01_T1w	0.529268115942029	1.9735499620063823	0.5705	17431.2835	4.1150986237040605	4.005341507508694	4.474952496265992	3.865001867337496	0.2723368062887458	0.382835806956231	0.3448273867550231	0.45651087164878845	0.18804955184459682	0.0	0.00048226877837835954	6.7142356464103	6.646784670321616	6.749293633091668	144	192	192	2.150568637849592	5.9431437954941915	6.963301735787894	12.7961927740199	59.06784406172734	97.32928442322446	97.42237795208456	135.8700053713019	1.2000000476837158	1.1979166269302368	1.1979166269302368	5.3726	0.0	2.9768	0.0	1818358.0	0.0	13.0	4.6916	-0.8106	139.5504	429.8103	423.0	211785.16862401122	113.0	744.0	196.6917	-0.7703	88.0009	700.4103	697.0	297715.71105805883	508.0	910.0	117.2778	-0.4739	58.0771	954.6735	973.0	268158.1209873636	802.0	1050.0	76.0381	0.22465462975012335	0.5567456610930691	0.5645938135051461	0.6629318591309549
sub-NDARINVFW876XT7_run-01_T1w	0.5091790035587188	1.9795720541536534	0.5453	-1.0	4.3031432283855855	4.228399831978487	4.623493718584599	4.057536134593669	0.27380528258967773	0.38213662962434114	0.344058087785981	0.4524253010749817	0.18897245824337006	0.0	0.0002445187370079121	6.212851691128354	6.144591915779472	6.242364759551638	144	192	192	2.0387935905096515	5.804965530109462	6.8861194089676445	12.814599106283818	68.20096146674953	117.90962243629583	117.23100590428838	165.58243380981975	1.2000000476837158	1.1979166269302368	1.1979166269302368	8.5161	0.0	2.1664	0.0	1796694.0	0.0	10.0	3.8616	-0.8473	150.982	412.1098	402.0	230032.30607320863	106.0	732.0	197.175	-0.7191	87.7163	699.789	695.0	321044.8290702362	505.0	920.0	119.7249	-0.0512	55.363	957.3557	976.0	289053.8656084036	802.0	1051.0	76.163	0.21981674688720257	0.5555901530589025	0.5589057585977356	0.735236467665743
sub-NDARINVFX289XV7_run-01_T1w	0.6179261904761905	1.621838555873643	0.5453	17492.0074	4.384755809113895	4.297899829216805	4.76094067966563	4.095426918459251	0.2697177646755241	0.3764414363577854	0.3538407989666905	0.47977936267852783	0.2207136958837509	0.0	0.0005681812941360991	5.796352638731613	5.704863130721764	5.797506374085419	144	192	192	1.9090229824025604	5.286103916803027	6.722555478016067	12.972539534842612	39.996244391802726	74.88880134819313	72.00712749010317	101.13633673031366	1.2000000476837158	1.1979166269302368	1.1979166269302368	94.4016	0.0	2.8994	0.0	1815964.0	0.0	13.0	6.2899	-1.0026	164.6798	401.0386	384.0	242823.397508081	105.0	740.0	201.1496	3.129	98.3266	722.7113	719.0	338905.33183524676	504.0	973.0	136.0168	-0.1378	57.3908	954.7196	971.0	318558.271775054	807.0	1051.0	74.8503	0.21058769873587305	0.5568378469961853	0.5571664849304169	0.6650675833514743
sub-NDARINVFY729CMQ_run-01_T1w	0.6270923076923076	1.5074796516748243	0.5764	17963.244	4.2437765201312425	4.069574838289625	4.780332680308887	3.8814220417952177	0.2761112624457212	0.3718994707411831	0.3519892668130955	0.5195740461349487	0.2215734452009201	0.0	0.0008091368502514811	6.3366454496312645	6.221046514295604	6.301953957345087	144	192	192	1.756790361912878	4.8484024432312625	5.519412575961756	9.953044922741126	25.05956460483957	54.010365949561056	51.10490918378255	74.24479699694704	1.2000000476837158	1.1979166269302368	1.1979166269302368	307.3384	0.0	3.2482	0.0	1666352.0	0.0	13.0	8.4181	-0.9913	160.9524	346.4333	322.0	228229.9803324245	86.0	678.0	183.2884	-0.4506	90.4738	699.114	694.0	307407.2681464234	464.0	968.0	143.1397	-0.5817	72.5702	927.2111	954.0	290949.75239472423	737.0	1043.0	95.8499	0.19303942938619206	0.5540731253355815	0.5639031580228614	0.6500394341385642
sub-NDARINVGN082RP7_run-01_T1w	0.6009926356589148	1.5060329506949315	0.561	21064.9465	4.25892547897188	4.193616500027319	4.610512848588789	3.97264708829953	0.2714990414884129	0.37590115025771553	0.35259980825387155	0.5264579653739929	0.25703594684600833	0.0	0.0013278666631041075	5.836137368162982	5.716545667384107	5.8065997972312005	144	192	192	1.988988301232163	5.131959910190901	5.423104426632292	9.14836506847381	9.544899824681016	18.318763173273595	17.68066402064868	25.178329063991427	1.2000000476837158	1.1979166269302368	1.1979166269302368	694.5097	0.0	3.6998	0.0	1762009.0	0.0	13.0	24.6408	-1.0018	154.0545	382.4518	359.0	242912.36454329413	135.0	697.0	180.4934	-0.5846	81.5368	693.067	689.0	336321.7665265414	472.0	951.0	134.2565	-0.5078	73.5193	914.1763	947.0	315473.86941369914	710.0	1037.0	103.5156	0.21958106804124133	0.5597754333618283	0.5758061821490043	0.618481844806886
sub-NDARINVGR029VCQ_run-01_T1w	0.5828653696498055	1.6455043181713496	0.6235	23847.8639	4.350959985478365	4.15089983505806	4.877659987885184	4.024320133491853	0.27238356980288664	0.37160999522992466	0.35600643496718865	0.42875078320503235	0.2144660979509354	0.0	0.0012126254978272926	5.089782188149177	5.002682034743825	5.097897235837233	144	192	192	2.0532258975300084	5.206892764569016	6.969208627861785	13.647507221486327	11.885980539457016	21.735232955784568	21.05632358140808	29.54775724898266	1.2000000476837158	1.1979166269302368	1.1979166269302368	1085.4171	0.0	3.519	0.0	1530547.0	0.0	13.0	21.5513	-1.0211	157.54	405.3577	391.0	278550.0616779221	128.0	729.0	190.4317	-0.7781	93.7755	718.6239	715.0	380022.8742370013	491.0	973.0	137.3178	-0.4571	56.0209	956.0019	972.0	364066.0649598279	813.0	1046.0	71.2217	0.21949763574987569	0.5345976090714442	0.549788529213433	0.8144812890989012
sub-NDARINVGR746CR0_run-01_T1w	0.5946944444444444	1.6274537980883783	0.5515	13950.5822	4.3233093171994375	4.179499833921597	4.924132337252819	3.8662957804238953	0.27754808186614555	0.37673114817106157	0.3457207699627929	0.5434154272079468	0.25012611150741576	0.0	0.0003965359011152757	6.392436798829761	6.281592045445424	6.360796427681987	144	192	192	1.803094433194575	5.309458602470148	5.396049882797354	9.075596612727342	47.14233057349689	96.84057063591831	93.05403805973383	135.17921296978628	1.2000000476837158	1.1979166269302368	1.1979166269302368	5.9249	0.0	2.9322	0.0	1684532.0	0.0	13.0	4.6138	-1.0509	164.3337	350.2401	332.0	227474.7999351623	78.0	675.0	184.1275	-0.6032	84.7757	687.5733	682.0	308763.95175696316	479.0	934.0	128.4498	-0.6593	75.7918	919.1623	952.0	283348.24889420066	711.0	1044.0	104.8965	0.19069562929444983	0.5594094357046875	0.5731389679040373	0.6430733208100978
sub-NDARINVHG032NYJ_run-01_T1w	0.541301515151515	1.9452446225271927	0.5363	-1.0	4.305769549043625	4.15719983480772	4.730379287347521	4.029729524975637	0.2731491143736415	0.382305700621382	0.3445451850049765	0.4214003086090088	0.14870126098394393	0.0	0.0003029549218069174	6.3984092423080865	6.329741198819661	6.422151266337884	144	192	192	1.956444768873395	6.136576010404037	7.239691881384471	13.626054864875982	61.24729424672562	106.02221106768154	104.27514073464535	145.5559168895289	1.2000000476837158	1.1979166269302368	1.1979166269302368	8.0271	0.0	2.5324	0.0	1797585.0	0.0	11.0	4.3749	-0.9197	160.7411	417.2968	409.0	223037.1780271579	87.0	754.0	209.0522	-0.7504	87.8145	712.4201	708.0	312167.8970324233	527.0	925.0	115.3736	-0.4565	55.0891	955.3209	972.0	281334.92558660323	812.0	1045.0	71.3338	0.19559418312908217	0.5433034206493427	0.548322048151418	0.7698383560706703
sub-NDARINVHY331CLY_run-01_T1w	0.6045791338582677	1.6671769257574884	0.6019	-1.0	4.2883594444306645	4.064833171811375	4.763662071060249	4.036583090420369	0.2663826365717294	0.37905362587864827	0.35456373754962234	0.5271837115287781	0.262351393699646	0.0	0.000521935804197517	5.8476712029801785	5.753454854649701	5.857366422082758	144	192	192	2.2018999540410387	5.480593044861106	6.454131151832381	11.679900456594996	42.884645982783354	68.83083590387373	68.47183201817312	93.70001416786226	1.2000000476837158	1.1979166269302368	1.1979166269302368	9.1165	0.0	3.7611	0.0	1723928.0	0.0	18.0	6.6912	-0.6871	145.7206	440.6365	438.0	237112.77890886494	127.0	754.0	198.9187	-0.8067	90.053	711.1929	703.0	337403.5926075301	510.0	954.0	128.2706	0.0027	63.5101	939.6627	957.0	315604.62871260114	778.0	1045.0	81.9355	0.22177515720114604	0.5469580534797077	0.5399083510738009	0.539669770545555
sub-NDARINVJC140HGJ_run-01_T1w	0.5288768953068592	1.8836487374802084	0.631	-1.0	4.107280274834872	4.037591506227195	4.646400154127043	3.6378491641503765	0.2664195334854518	0.3850592614834636	0.3485212050310846	0.4941238462924957	0.23425416946411126	0.0	0.001028526669546009	5.168462510719222	5.093463269677356	5.209873858194711	144	192	192	2.43474771186544	5.887502691071888	6.553265951030344	11.337547450153703	14.477777277267844	21.392536573873382	21.937897054111616	29.943377311193622	1.2000000476837158	1.1979166269302368	1.1979166269302368	972.641	0.0	4.7847	0.0	1177976.0	0.0	18.0	21.2228	-0.7322	138.6813	467.8027	469.0	266899.8880203477	164.0	764.0	192.6274	-0.7363	84.3208	696.9092	693.0	385753.5234996057	508.0	912.0	117.7068	-0.1079	62.1781	947.8842	970.0	349149.5889155313	775.0	1052.0	85.5563	0.23614816599141955	0.5556532520566166	0.5613476619383246	0.7333147960928961
